数据集 / 状态,本地内容,监督 / 标定,已处理范围,已测试范围,局限
"EndoNeRF
本地可用 · 已测试子集",pulling_soft_tissues：63 帧；cutting_tissues_twice：156 帧，共 219 帧。,已有 RGB、深度文件、掩码与 poses_bounds.npy；本地相机位姿固定，各帧相同。,上述两个场景已有本地文件；文件存在不等于全帧已评价。,最新三模型：两个场景各 12 个目标，共 24 帧。,深度文件不一概视为物理深度真值。固定相机下的本轮评价是零基线时间插帧，不是新视角或几何准确度测试。
"EndoNeRF-EC
本地可用 · 已处理 · 已测试子集",pulling：63 帧；cutting：156 帧，共 219 帧；是 EndoNeRF 对应场景的曝光变化版本。,已有 images_mix、images_mix_adjusted、depth_dam_adjusted、masks、poses_bounds.npy；DAM 为模型生成的相对深度参考。,images_mix 为曝光变化 RGB；images_mix_adjusted 为预处理增强 RGB。已用于 Endo-4DGX 及其他方法的曝光实验。,最新三模型：两个场景各 12 个目标，共 24 帧。,不是额外独立场景；DAM 不是物理深度真值。保留真实固定相机，图像分数不代表新视角或几何恢复能力。
"StereoMIS
本地原始视频 · 已处理窗口 · 已测试子集","原始视频元数据：P1 为 19,180 帧，P3 为 19,185 帧。",处理窗口已有校正双目图像、相机参数及相关深度/掩码文件。,P1_6001_6367、P1_8001_8367、P3_9101_9467 各 184 组，共 552 组已处理双目图像。,最新三模型使用这三个窗口，每窗口 12 个目标，共 36 帧。,原始视频帧数不是已处理/已评价数量；估计深度先验不是独立测量的深度真值。
"SCARED
本地可用 · 已有校正帧池 · 已测试子集",dataset_1 的 keyframe_1/2/3 动态视频分别为 197/280/471 帧，共 948 帧；另有静态双目样本。,已有双目视频、标定、逐帧相机数据和几何监督文件；静态样本包括 dataset_1/keyframe_4、keyframe_5 与 dataset_4/keyframe_1。,已有校正帧池。Endo-E2E-GS pilot：训练 48 对、验证 12 对、测试 1 对；320×256 双目校正。,最新三模型：从三条动态序列测试 12、12、10 个目标，共 34 帧。另有独立的 pilot 与逐对尺度对齐深度评价。,34 个测试目标和校正帧池均不代表原始数据总量；不能称为完成整个官方 benchmark。
"C3VD
本地可用 · 已处理 · 已测试子集 · 部分下载不完整","7 条完整注册序列，共 2,744 帧；4 条完整 screening 视频，共 20,058 帧；可用 RGB 合计 22,802 帧。",已有相机标定与相关三维模型。注册序列有配准深度等真值；screening 有相机位姿和模型，但不据此认定都有逐帧深度真值。,最新实验按官方多项式相机标定转换为虚拟针孔图像；不宣称全部原始帧都完成处理。,最新三模型覆盖上述 11 条完整序列，每条 12 个目标，共 132 帧。,cecum_t2_b 下载不完整，排除于完整可用序列与以上计数；两类数据的监督内容不同。
"Hamlyn
本地示例帧池 · 已测试子集",Hamlyn23 本地示例帧池：66 张图像，来自已有复现仓库的示例数据。,本地没有对应相机或深度真值；最新实验三种方法共用估计相机。,已用于 Endo3R、VGGT、MoRe、OpenD4RT 推理，不是完整 Hamlyn 数据集。,最新三模型：12 个目标帧。,共享相机由 OpenD4RT 独立三帧估计，目标 RGB 仅可参与相机估计；上下文几何独立用两张输入编码。详见复现页协议。
"自建解析合成数据
本地可用 · 机制/几何实验已使用",13 个各 97 帧的版本，以及 19 帧 smoke 版本。,含内容变化、曝光变化与几何验证版本；解析系统中的真值与真实数据的监督分开。,已用于内容变化、曝光干预与几何机制验证。,不包含在最新“六个公开数据集三模型实验”中。,各版本有关联，不能作为独立真实样本合并统计。
"EndoSLAM
尚未取得",只有占位目录，没有可读取的实际数据。,未取得。,无可确认处理数据。,不计入测试结果。,目录存在不等于数据可用。
"肠／胃素材
目录占位",已建立目录，本次核查没有可读取文件。,未确认。,无可确认处理数据。,不计入可用数据集和测试结果。,不将占位目录统计为可用素材。
