table_id,protocol,method,configuration,non_3d_control,PSNR,SSIM,LPIPS,depth_MAE_mm
endo-endonerf-pulling,历史测试记录；验证集不参与此表排名。完整精度、全有效区域 PSNR 和覆盖率保留在下方历史原表。,Deform3DGS,3000 步,False,35.865,0.91735,0.09144,
endo-endonerf-pulling,历史测试记录；验证集不参与此表排名。完整精度、全有效区域 PSNR 和覆盖率保留在下方历史原表。,SurgicalGS,3000 步,False,35.369,0.91841,0.09750,
endo-endonerf-pulling,历史测试记录；验证集不参与此表排名。完整精度、全有效区域 PSNR 和覆盖率保留在下方历史原表。,SurgicalGS,6000 步,False,35.597,0.9190,0.08865,
endo-endonerf-pulling,历史测试记录；验证集不参与此表排名。完整精度、全有效区域 PSNR 和覆盖率保留在下方历史原表。,EndoPrior-GS,4000 步,False,35.761,0.9220,0.09911,
endo-endonerf-pulling,历史测试记录；验证集不参与此表排名。完整精度、全有效区域 PSNR 和覆盖率保留在下方历史原表。,EndoPlanar,3000 步,False,35.972,0.9160,0.08503,
endo-endonerf-pulling,历史测试记录；验证集不参与此表排名。完整精度、全有效区域 PSNR 和覆盖率保留在下方历史原表。,Endo-4DGS,4000 步,False,35.602,0.9188,0.10571,
endo-endonerf-pulling,历史测试记录；验证集不参与此表排名。完整精度、全有效区域 PSNR 和覆盖率保留在下方历史原表。,EndoGaussian,训练预算未提供,False,35.889,0.92116,0.08956,
endo-endonerf-cutting,历史测试记录；验证集不参与此表排名。完整精度、全有效区域 PSNR 和覆盖率保留在下方历史原表。,Deform3DGS,3000 步,False,34.274,0.90574,0.10694,
endo-endonerf-cutting,历史测试记录；验证集不参与此表排名。完整精度、全有效区域 PSNR 和覆盖率保留在下方历史原表。,SurgicalGS,3000 步,False,34.815,0.91226,0.10745,
endo-endonerf-cutting,历史测试记录；验证集不参与此表排名。完整精度、全有效区域 PSNR 和覆盖率保留在下方历史原表。,SurgicalGS,6000 步,False,35.335,0.9185,0.09699,
endo-endonerf-cutting,历史测试记录；验证集不参与此表排名。完整精度、全有效区域 PSNR 和覆盖率保留在下方历史原表。,EndoPrior-GS,4000 步,False,35.404,0.9136,0.10606,
endo-endonerf-cutting,历史测试记录；验证集不参与此表排名。完整精度、全有效区域 PSNR 和覆盖率保留在下方历史原表。,EndoPlanar,3000 步,False,34.556,0.9069,0.10212,
endo-endonerf-cutting,历史测试记录；验证集不参与此表排名。完整精度、全有效区域 PSNR 和覆盖率保留在下方历史原表。,Endo-4DGS,4000 步,False,33.030,0.8848,0.12641,
endo-endonerf-cutting,历史测试记录；验证集不参与此表排名。完整精度、全有效区域 PSNR 和覆盖率保留在下方历史原表。,EndoGaussian,训练预算未提供,False,35.423,0.91378,0.10019,
endo-ec-pulling,有效组织块 · AlexNet LPIPS · 无适配全支持；仅按本表记录值标色，不与前馈全图或其他适配协议比较。,Deform3DGS,3000 步,False,28.226947,0.852844,0.166815,
endo-ec-pulling,有效组织块 · AlexNet LPIPS · 无适配全支持；仅按本表记录值标色，不与前馈全图或其他适配协议比较。,Endo-4DGS,1000 coarse + 3000 fine,False,27.990796,0.864931,0.208664,
endo-ec-pulling,有效组织块 · AlexNet LPIPS · 无适配全支持；仅按本表记录值标色，不与前馈全图或其他适配协议比较。,Endo-4DGX,10000 步,False,30.129343,0.903352,0.086045,
endo-ec-cutting,有效组织块 · AlexNet LPIPS · 无适配全支持；仅按本表记录值标色，不与前馈全图或其他适配协议比较。,Deform3DGS,3000 步,False,23.450177,0.690913,0.295129,
endo-ec-cutting,有效组织块 · AlexNet LPIPS · 无适配全支持；仅按本表记录值标色，不与前馈全图或其他适配协议比较。,Endo-4DGS,1000 coarse + 3000 fine,False,27.659881,0.815434,0.262793,
endo-ec-cutting,有效组织块 · AlexNet LPIPS · 无适配全支持；仅按本表记录值标色，不与前馈全图或其他适配协议比较。,EndoGaussian,1000 coarse + 3000 fine,False,27.911488,0.836191,0.203843,
endo-ec-cutting,有效组织块 · AlexNet LPIPS · 无适配全支持；仅按本表记录值标色，不与前馈全图或其他适配协议比较。,Endo-4DGX,10000 步,False,28.564226,0.897850,0.102119,
endo-scared-pilot,验证与测试是不同划分，不互相排名；此表不与通用模型的留出目标帧评价排名。LPIPS 和 MAE 未提供。,Endo-E2E-GS,验证 · 12 对 · stage2_final,False,23.112,0.6506,,
endo-scared-pilot,验证与测试是不同划分，不互相排名；此表不与通用模型的留出目标帧评价排名。LPIPS 和 MAE 未提供。,Endo-E2E-GS,测试 · 1 对 · stage2_final,False,19.318,0.7894,,
general-scared-image,包含输入平均对照，按原始精度逐列比较，等值并列；不是官方 benchmark 或综合方法排名。MAE 未报告。,DepthSplat,官方预训练权重,False,24.717929,0.714145,0.077053,
general-scared-image,包含输入平均对照，按原始精度逐列比较，等值并列；不是官方 benchmark 或综合方法排名。MAE 未报告。,MVSplat,第三方权重镜像,False,23.754110,0.651316,0.093605,
general-scared-image,包含输入平均对照，按原始精度逐列比较，等值并列；不是官方 benchmark 或综合方法排名。MAE 未报告。,OpenD4RT＋贴图渲染,非官方实现 · 输入深度 + 外部贴图,False,24.704658,0.692219,0.119622,
general-scared-image,包含输入平均对照，按原始精度逐列比较，等值并列；不是官方 benchmark 或综合方法排名。MAE 未报告。,输入图像直接平均,非三维重建对照 · 参与表内标色,True,23.462383,0.558002,0.101712,
general-c3vd-image,包含输入平均对照，按原始精度逐列比较，等值并列；不是官方 benchmark 或综合方法排名。MAE 未报告。,DepthSplat,官方预训练权重,False,25.255965,0.727191,0.147627,
general-c3vd-image,包含输入平均对照，按原始精度逐列比较，等值并列；不是官方 benchmark 或综合方法排名。MAE 未报告。,MVSplat,第三方权重镜像,False,24.300491,0.695549,0.170843,
general-c3vd-image,包含输入平均对照，按原始精度逐列比较，等值并列；不是官方 benchmark 或综合方法排名。MAE 未报告。,OpenD4RT＋贴图渲染,非官方实现 · 输入深度 + 外部贴图,False,22.383835,0.651002,0.205948,
general-c3vd-image,包含输入平均对照，按原始精度逐列比较，等值并列；不是官方 benchmark 或综合方法排名。MAE 未报告。,输入图像直接平均,非三维重建对照 · 参与表内标色,True,24.521759,0.657786,0.155632,
general-stereomis-image,包含输入平均对照，按原始精度逐列比较，等值并列；不是官方 benchmark 或综合方法排名。MAE 未报告。,DepthSplat,官方预训练权重,False,19.227290,0.437816,0.203749,
general-stereomis-image,包含输入平均对照，按原始精度逐列比较，等值并列；不是官方 benchmark 或综合方法排名。MAE 未报告。,MVSplat,第三方权重镜像,False,20.095953,0.462671,0.184549,
general-stereomis-image,包含输入平均对照，按原始精度逐列比较，等值并列；不是官方 benchmark 或综合方法排名。MAE 未报告。,OpenD4RT＋贴图渲染,非官方实现 · 输入深度 + 外部贴图,False,23.061752,0.657666,0.161521,
general-stereomis-image,包含输入平均对照，按原始精度逐列比较，等值并列；不是官方 benchmark 或综合方法排名。MAE 未报告。,输入图像直接平均,非三维重建对照 · 参与表内标色,True,27.426777,0.730754,0.091030,
general-endonerf-image,包含输入平均对照，按原始精度逐列比较，等值并列；不是官方 benchmark 或综合方法排名。MAE 未报告。,DepthSplat,官方预训练权重,False,23.278657,0.728850,0.122282,
general-endonerf-image,包含输入平均对照，按原始精度逐列比较，等值并列；不是官方 benchmark 或综合方法排名。MAE 未报告。,MVSplat,第三方权重镜像,False,24.004695,0.740065,0.124365,
general-endonerf-image,包含输入平均对照，按原始精度逐列比较，等值并列；不是官方 benchmark 或综合方法排名。MAE 未报告。,OpenD4RT＋贴图渲染,非官方实现 · 输入深度 + 外部贴图,False,23.206411,0.735277,0.131095,
general-endonerf-image,包含输入平均对照，按原始精度逐列比较，等值并列；不是官方 benchmark 或综合方法排名。MAE 未报告。,输入图像直接平均,非三维重建对照 · 参与表内标色,True,24.305848,0.753419,0.110553,
general-ec-image,包含输入平均对照，按原始精度逐列比较，等值并列；不是官方 benchmark 或综合方法排名。MAE 未报告。,DepthSplat,官方预训练权重,False,12.089031,0.482776,0.278997,
general-ec-image,包含输入平均对照，按原始精度逐列比较，等值并列；不是官方 benchmark 或综合方法排名。MAE 未报告。,MVSplat,第三方权重镜像,False,12.791279,0.515091,0.274001,
general-ec-image,包含输入平均对照，按原始精度逐列比较，等值并列；不是官方 benchmark 或综合方法排名。MAE 未报告。,OpenD4RT＋贴图渲染,非官方实现 · 输入深度 + 外部贴图,False,13.005772,0.508736,0.284244,
general-ec-image,包含输入平均对照，按原始精度逐列比较，等值并列；不是官方 benchmark 或综合方法排名。MAE 未报告。,输入图像直接平均,非三维重建对照 · 参与表内标色,True,13.393265,0.528824,0.253558,
general-hamlyn-image,包含输入平均对照，按原始精度逐列比较，等值并列；不是官方 benchmark 或综合方法排名。MAE 未报告。,DepthSplat,官方预训练权重,False,20.412522,0.613745,0.277385,
general-hamlyn-image,包含输入平均对照，按原始精度逐列比较，等值并列；不是官方 benchmark 或综合方法排名。MAE 未报告。,MVSplat,第三方权重镜像,False,19.270736,0.581028,0.291411,
general-hamlyn-image,包含输入平均对照，按原始精度逐列比较，等值并列；不是官方 benchmark 或综合方法排名。MAE 未报告。,OpenD4RT＋贴图渲染,非官方实现 · 输入深度 + 外部贴图,False,22.864783,0.722508,0.190884,
general-hamlyn-image,包含输入平均对照，按原始精度逐列比较，等值并列；不是官方 benchmark 或综合方法排名。MAE 未报告。,输入图像直接平均,非三维重建对照 · 参与表内标色,True,23.398207,0.746161,0.160130,
