数据集,方法,目标帧数,PSNR,SSIM,LPIPS
SCARED,DepthSplat,34,24.717929,0.714145,0.077053
SCARED,MVSplat,34,23.754110,0.651316,0.093605
SCARED,OpenD4RT＋贴图渲染,34,24.704658,0.692219,0.119622
C3VD,DepthSplat,132,25.255965,0.727191,0.147627
C3VD,MVSplat,132,24.300491,0.695549,0.170843
C3VD,OpenD4RT＋贴图渲染,132,22.383835,0.651002,0.205948
StereoMIS,DepthSplat,36,19.227290,0.437816,0.203749
StereoMIS,MVSplat,36,20.095953,0.462671,0.184549
StereoMIS,OpenD4RT＋贴图渲染,36,23.061752,0.657666,0.161521
EndoNeRF,DepthSplat,24,23.278657,0.728850,0.122282
EndoNeRF,MVSplat,24,24.004695,0.740065,0.124365
EndoNeRF,OpenD4RT＋贴图渲染,24,23.206411,0.735277,0.131095
EndoNeRF-EC,DepthSplat,24,12.089031,0.482776,0.278997
EndoNeRF-EC,MVSplat,24,12.791279,0.515091,0.274001
EndoNeRF-EC,OpenD4RT＋贴图渲染,24,13.005772,0.508736,0.284244
Hamlyn,DepthSplat,12,20.412522,0.613745,0.277385
Hamlyn,MVSplat,12,19.270736,0.581028,0.291411
Hamlyn,OpenD4RT＋贴图渲染,12,22.864783,0.722508,0.190884
